City_ID,City,Country,Lat,Lng,Max Temp,Humidity,Cloudiness,Wind Speed,Current Description
0,Thanh Hoa,VN,19.8,105.7667,69.78,71,100,6.02,overcast clouds
1,Bluff,NZ,-46.6,168.3333,55.8,90,97,13.85,overcast clouds
2,Albany,US,42.6001,-73.9662,71.64,91,67,4.9,broken clouds
3,Barrow,US,71.2906,-156.7887,15.82,79,100,16.11,light snow
4,Hermanus,ZA,-34.4187,19.2345,76.53,36,3,2.95,clear sky
5,Vredendal,ZA,-31.6683,18.5012,95.09,10,0,8.93,clear sky
6,Bambous Virieux,MU,-20.3428,57.7575,77.25,73,75,12.66,broken clouds
7,Lavrentiya,RU,65.5833,-171.0,16.32,88,98,7.45,overcast clouds
8,Lumby,CA,50.2498,-118.969,49.05,94,100,1.14,overcast clouds
9,Victoria,HK,22.2855,114.1577,70.32,79,100,8.99,overcast clouds
10,Maunabo,PR,18.0072,-65.8993,84.47,80,26,13.2,scattered clouds
11,Phan Thiet,VN,10.9333,108.1,81.28,85,100,3.65,moderate rain
12,Rikitea,PF,-23.1203,-134.9692,77.23,70,56,21.54,broken clouds
13,Alofi,NU,-19.0595,-169.9187,66.09,88,40,4.61,scattered clouds
14,Tuktoyaktuk,CA,69.4541,-133.0374,30.2,100,100,12.66,mist
15,Vardo,NO,70.3705,31.1107,39.18,87,75,17.27,broken clouds
16,Port-Gentil,GA,-0.7193,8.7815,85.96,79,75,12.66,broken clouds
17,Delmas,HT,18.5447,-72.3028,83.12,58,40,17.27,scattered clouds
18,Lakes Entrance,AU,-37.8811,147.981,51.17,87,8,9.33,clear sky
19,Saint George,US,37.1041,-113.5841,66.79,19,0,1.99,clear sky
20,Ponta Delgada,PT,37.7333,-25.6667,65.5,59,20,19.57,few clouds
21,Narovchat,RU,53.8765,43.6946,51.35,85,100,14.99,light rain
22,Bethel,US,41.3712,-73.414,74.16,82,20,1.99,few clouds
23,Nicoya,CR,10.1483,-85.452,82.31,73,100,3.44,moderate rain
24,East London,ZA,-33.0153,27.9116,76.14,73,0,6.91,clear sky
25,Coquimbo,CL,-29.9533,-71.3436,53.33,82,75,5.75,broken clouds
26,Iracoubo,GF,5.4802,-53.2011,82.62,79,100,9.75,overcast clouds
27,Kavos,GR,38.8268,22.8322,83.97,59,32,5.06,scattered clouds
28,Quelimane,MZ,-17.8786,36.8883,78.75,73,75,2.3,broken clouds
29,Jacqueville,CI,5.2052,-4.4146,82.56,76,100,7.94,overcast clouds
30,Hobart,AU,-42.8794,147.3294,44.46,85,20,8.05,few clouds
31,Lhokseumawe,ID,5.1801,97.1507,77.43,87,100,8.68,overcast clouds
32,Mataura,NZ,-46.1927,168.8643,55.47,74,68,5.3,broken clouds
33,Busselton,AU,-33.65,115.3333,61.83,62,100,10.65,overcast clouds
34,Nikolskoye,RU,59.7035,30.7861,50.88,84,100,7.7,overcast clouds
35,Katsuura,JP,35.1333,140.3,58.87,95,100,14.7,light rain
36,Colorado,BR,-22.8375,-51.9731,64.36,63,8,14.29,clear sky
37,Lagoa,PT,39.05,-27.9833,57.25,65,18,28.39,few clouds
38,Samarkand,UZ,39.6542,66.9597,81.82,24,1,9.22,clear sky
39,Norman Wells,CA,65.282,-126.8329,33.84,86,20,2.3,few clouds
40,Kloulklubed,PW,7.0419,134.2556,75.7,74,5,14.61,clear sky
41,Jamestown,US,42.097,-79.2353,58.59,96,100,13.8,moderate rain
42,Williamsport,US,41.2412,-77.0011,68.05,87,100,5.75,overcast clouds
43,Ushuaia,AR,-54.8,-68.3,51.46,43,0,5.75,clear sky
44,Acapulco,MX,16.8634,-99.8901,75.02,78,20,0.0,few clouds
45,Sorland,NO,67.667,12.6934,39.06,60,100,14.97,overcast clouds
46,Puerto Ayora,EC,-0.7393,-90.3518,73.54,95,66,1.01,broken clouds
47,Atuona,PF,-9.8,-139.0333,78.12,70,0,15.52,clear sky
48,Kongolo,CD,-5.3833,27.0,86.09,53,54,3.96,broken clouds
49,Batagay,RU,67.6333,134.6333,27.1,95,98,2.75,overcast clouds
50,Sitka,US,57.0531,-135.33,42.69,81,100,0.0,light rain
51,Bereda,ES,43.2686,-7.5406,75.42,47,58,10.8,broken clouds
52,Sept-Iles,CA,50.2001,-66.3821,38.05,95,100,11.5,moderate rain
53,Luanda,AO,-8.8368,13.2343,81.03,76,99,10.04,overcast clouds
54,Golyshmanovo,RU,56.3979,68.3728,61.5,68,29,10.2,light rain
55,Zhaoyuan,CN,37.3592,120.3964,60.73,29,0,1.97,clear sky
56,Port Blair,IN,11.6667,92.75,81.05,84,100,10.09,overcast clouds
57,Nyurba,RU,63.2842,118.3319,40.12,81,100,3.91,overcast clouds
58,Port Alfred,ZA,-33.5906,26.891,72.18,70,0,4.0,clear sky
59,Buraydah,SA,26.326,43.975,104.45,6,0,10.11,clear sky
60,Avera,US,33.194,-82.5271,75.54,66,1,9.42,clear sky
61,Cape Town,ZA,-33.9258,18.4232,91.81,11,0,8.05,clear sky
62,Tapia,PH,7.7542,126.0119,74.79,94,20,1.43,few clouds
63,Cherskiy,RU,68.75,161.3,34.27,86,100,7.94,overcast clouds
64,Avarua,CK,-21.2078,-159.775,75.25,78,75,2.3,broken clouds
65,Luderitz,NA,-26.6481,15.1594,78.93,32,0,4.7,clear sky
66,Boende,CD,-0.2167,20.8667,85.77,63,99,1.16,overcast clouds
67,Roma,US,43.2128,-75.4557,72.73,80,0,8.05,clear sky
68,Deputatskiy,RU,69.3,139.9,16.2,97,100,2.24,light snow
69,Tasiilaq,GL,65.6145,-37.6368,35.76,98,100,10.92,light rain
70,Chumikan,RU,54.7183,135.315,32.54,88,100,7.52,overcast clouds
71,Hualmay,PE,-11.0964,-77.6139,67.19,73,84,7.58,broken clouds
72,Dikson,RU,73.5069,80.5464,33.75,99,100,6.76,light snow
73,Lalmohan,BD,22.3384,90.7419,84.61,83,100,11.72,overcast clouds
74,Chokurdakh,RU,70.6333,147.9167,24.42,95,100,15.12,snow
75,Buin,CL,-33.7333,-70.75,71.87,25,2,0.43,clear sky
76,Faya,SA,18.3851,42.4509,86.52,8,2,11.48,clear sky
77,Shiojiri,JP,36.1,137.9667,55.58,78,100,0.98,overcast clouds
78,Longyearbyen,SJ,78.2186,15.6401,31.84,74,75,10.36,broken clouds
79,Kapaa,US,22.0752,-159.319,75.52,87,75,6.91,light rain
80,Sao Filipe,CV,14.8961,-24.4956,79.72,59,63,6.71,broken clouds
81,Souillac,MU,-20.5167,57.5167,77.38,73,75,12.66,broken clouds
82,Saint-Joseph,RE,-21.3667,55.6167,73.78,81,81,14.25,light rain
83,Newport,GB,51.5877,-2.9984,66.92,82,92,14.76,overcast clouds
84,Yantal,RU,56.8471,105.2542,58.95,37,100,1.54,overcast clouds
85,Provideniya,RU,64.3833,-173.3,30.22,78,11,2.86,few clouds
86,Honningsvag,NO,70.9821,25.9704,37.15,75,75,16.11,broken clouds
87,Vaini,TO,-21.2,-175.2,69.96,78,20,5.75,few clouds
88,Thompson,CA,55.7435,-97.8558,33.96,69,75,6.91,broken clouds
89,Am Timan,TD,11.0297,20.2827,99.36,24,61,4.74,broken clouds
90,Waipawa,NZ,-41.4122,175.5153,54.77,90,32,7.63,scattered clouds
91,Chesma,RU,53.8111,60.6533,58.14,57,63,14.92,broken clouds
92,Lebu,CL,-37.6167,-73.65,55.78,51,13,2.91,few clouds
93,Rocha,UY,-34.4833,-54.3333,53.6,82,97,18.01,overcast clouds
94,Pozo Colorado,PY,-23.4923,-58.7972,62.6,44,2,10.18,clear sky
95,Formosa,AR,-26.1775,-58.1781,55.38,67,0,13.8,clear sky
96,Qaanaaq,GL,77.484,-69.3632,22.05,76,26,6.46,scattered clouds
97,Saint-Philippe,RE,-21.3585,55.7679,74.79,81,100,13.24,light rain
98,Hilo,US,19.7297,-155.09,76.28,91,100,3.44,moderate rain
99,Ossora,RU,59.2353,163.0719,33.66,99,100,3.6,overcast clouds
100,Pisco,PE,-13.7,-76.2167,63.01,82,19,1.14,mist
101,College,US,64.8569,-147.8028,35.58,93,75,3.44,broken clouds
102,Ambilobe,MG,-13.2,49.05,77.74,75,2,1.57,clear sky
103,Nandyal,IN,15.4833,78.4833,92.3,46,90,5.26,overcast clouds
104,Batemans Bay,AU,-35.7167,150.1833,61.11,66,8,9.35,clear sky
105,Pidhorodne,UA,48.5753,35.1068,61.25,50,91,11.07,overcast clouds
106,Punta Arenas,CL,-53.15,-70.9167,37.42,93,0,4.61,clear sky
107,Kodiak,US,57.79,-152.4072,33.31,80,0,6.91,clear sky
108,Gbarnga,LR,6.9956,-9.4722,89.83,54,97,3.09,overcast clouds
109,Salaga,GH,8.5508,-0.5188,91.2,47,96,8.57,overcast clouds
110,Saint-Augustin,CA,51.226,-58.6502,39.94,60,100,10.31,overcast clouds
111,New Norfolk,AU,-42.7826,147.0587,44.1,82,43,5.99,scattered clouds
112,Kaitangata,NZ,-46.2817,169.8464,49.01,86,21,5.99,few clouds
113,Yumen,CN,40.2833,97.2,63.45,7,89,12.91,overcast clouds
114,Atocha,BO,-20.9333,-66.2333,43.05,34,0,16.24,clear sky
115,Bairiki,KI,1.3292,172.9752,80.6,78,20,5.75,few clouds
116,Zhezkazgan,KZ,47.8043,67.7144,82.38,18,40,20.13,scattered clouds
117,Chegdomyn,RU,51.1167,133.0167,35.65,72,100,4.05,overcast clouds
118,Yashan,CN,22.1975,109.9419,64.69,87,100,4.0,overcast clouds
119,Develi,TR,38.3906,35.4922,65.55,53,83,8.57,broken clouds
120,Zhigansk,RU,66.7697,123.3711,23.85,90,100,5.7,overcast clouds
121,Baherden,TM,38.4362,57.4316,91.9,17,0,9.89,clear sky
122,Ponta Do Sol,PT,32.6667,-17.1,80.71,65,0,7.52,clear sky
123,Bilibino,RU,68.0546,166.4372,30.76,96,100,1.07,overcast clouds
124,Moron,AR,-34.6534,-58.6198,55.29,73,75,21.85,broken clouds
125,Batagay-Alyta,RU,67.8006,130.4114,8.67,95,72,4.36,broken clouds
126,Ardesen,TR,41.1911,40.9875,63.14,67,56,2.82,broken clouds
127,Burnie,AU,-41.0667,145.9167,45.91,84,8,14.45,clear sky
128,Zhangjiakou,CN,40.81,114.8794,66.18,18,100,3.67,overcast clouds
129,Balao,EC,-2.9167,-79.8167,73.49,89,100,3.85,overcast clouds
130,Nanortalik,GL,60.1432,-45.2371,36.5,77,100,7.74,overcast clouds
131,Kruisfontein,ZA,-34.0033,24.7314,84.88,18,0,8.1,clear sky
132,Esperance,AU,-33.8667,121.9,56.53,78,0,14.52,clear sky
133,Vila Velha,BR,-20.3297,-40.2925,80.55,65,0,9.22,clear sky
134,Belmonte,BR,-15.8631,-38.8828,80.01,75,73,2.13,broken clouds
135,Coihaique,CL,-45.5752,-72.0662,22.95,93,40,0.0,fog
136,Mar Del Plata,AR,-38.0023,-57.5575,53.94,79,75,20.71,broken clouds
137,Standerton,ZA,-26.9337,29.2415,61.61,38,13,6.29,few clouds
138,Mount Gambier,AU,-37.8333,140.7667,51.8,65,100,10.6,overcast clouds
139,Torbay,CA,47.6666,-52.7314,46.89,72,75,11.5,broken clouds
140,Port Elizabeth,ZA,-33.918,25.5701,87.1,57,0,6.91,clear sky
141,Qaqortoq,GL,60.7167,-46.0333,40.03,58,100,7.02,overcast clouds
142,Pevek,RU,69.7008,170.3133,19.31,84,100,4.07,overcast clouds
143,San Patricio,US,28.017,-97.5169,80.87,71,7,13.4,clear sky
144,Chuy,UY,-33.6971,-53.4616,55.87,69,51,18.48,broken clouds
145,Lazurne,UA,46.084,32.5295,64.56,58,8,12.19,clear sky
146,Codrington,AU,-38.2667,141.9667,51.51,70,100,12.46,overcast clouds
147,Chita,RU,52.0333,113.55,49.89,34,35,6.71,scattered clouds
148,Castro,BR,-24.7911,-50.0119,53.8,83,100,6.29,overcast clouds
149,Bullerup,DK,55.4269,10.4714,57.87,67,100,8.93,overcast clouds
150,Roald,NO,62.5833,6.1333,58.15,57,0,19.57,clear sky
151,Anamur,TR,36.0751,32.8369,74.3,60,4,7.47,clear sky
152,Eskisehir,TR,39.7767,30.5206,69.71,52,40,4.61,thunderstorm
153,Kodinsk,RU,58.6881,99.1844,54.79,93,99,4.38,overcast clouds
154,La Palma,US,33.8464,-118.0467,62.11,84,100,6.91,overcast clouds
155,Georgetown,MY,5.4112,100.3354,80.53,93,40,3.44,light rain
156,Madimba,TZ,-10.4,40.3333,81.12,65,54,13.71,broken clouds
157,Bathsheba,BB,13.2167,-59.5167,84.81,74,20,20.71,few clouds
158,Poya,NC,-21.35,165.15,71.31,85,14,6.33,few clouds
159,Hami,CN,42.8,93.45,78.39,6,100,8.63,overcast clouds
160,Srednebelaya,RU,50.6594,128.0106,55.78,43,100,12.17,overcast clouds
161,Maragogi,BR,-9.0122,-35.2225,82.87,77,82,8.7,broken clouds
162,Sijunjung,ID,-0.6876,100.9537,74.97,95,100,1.83,overcast clouds
163,New Glasgow,CA,45.5834,-62.6486,53.38,91,100,9.98,overcast clouds
164,Butaritari,KI,3.0707,172.7902,80.96,78,100,12.8,light rain
165,Meulaboh,ID,4.1363,96.1285,80.17,82,100,4.12,overcast clouds
166,Dunedin,NZ,-45.8742,170.5036,53.8,79,10,4.29,clear sky
167,Arman,RU,59.7,150.1667,41.02,86,100,12.71,overcast clouds
168,Tiarei,PF,-17.5333,-149.3333,78.82,73,12,15.19,light rain
169,Isangel,VU,-19.55,169.2667,75.88,81,98,14.5,overcast clouds
170,Micheweni,TZ,-4.9667,39.8333,81.75,72,8,13.71,clear sky
171,Hervey Bay,AU,-25.2986,152.8535,72.01,95,2,3.0,clear sky
172,Airai,TL,-8.9266,125.4092,59.59,90,8,1.86,clear sky
173,Sur,OM,22.5667,59.5289,89.06,42,0,2.46,clear sky
174,Hobyo,SO,5.3505,48.5268,82.44,75,35,29.3,scattered clouds
175,La Union,PE,-5.4,-80.75,71.62,66,72,7.45,broken clouds
176,Yellowknife,CA,62.456,-114.3525,37.92,65,75,13.8,broken clouds
177,Saint Anthony,US,45.0205,-93.218,61.97,59,40,8.05,scattered clouds
178,Upernavik,GL,72.7868,-56.1549,17.58,75,52,7.09,broken clouds
179,Angoche,MZ,-16.2325,39.9086,77.83,70,58,10.89,light rain
180,Santa Rosa,PH,14.3122,121.1114,78.1,87,100,3.56,moderate rain
181,Champerico,GT,14.3,-91.9167,79.34,69,66,8.23,broken clouds
182,Padang,ID,-0.9492,100.3543,78.85,83,100,3.13,overcast clouds
183,Axim,GH,4.8699,-2.2405,84.9,68,77,7.99,broken clouds
184,Udachnyy,RU,66.4167,112.4,34.83,100,100,3.83,overcast clouds
185,Yoichi,JP,43.2039,140.7703,48.43,72,0,6.67,clear sky
186,Bredasdorp,ZA,-34.5322,20.0403,81.99,21,0,3.6,clear sky
187,Iqaluit,CA,63.7506,-68.5145,26.33,79,75,15.01,broken clouds
188,Kirkwood,US,38.5834,-90.4068,67.71,66,20,10.36,few clouds
189,Puerto Escondido,MX,15.85,-97.0667,77.83,78,0,5.75,clear sky
190,Quatre Cocos,MU,-20.2078,57.7625,77.11,72,89,16.13,overcast clouds
191,Yar-Sale,RU,66.8333,70.8333,39.65,98,81,2.08,broken clouds
192,Nemuro,JP,43.3236,145.575,43.2,87,99,12.53,overcast clouds
193,Balad,IQ,34.0164,44.1453,88.93,21,1,16.82,clear sky
194,Port Lincoln,AU,-34.7333,135.8667,58.8,63,99,11.07,overcast clouds
195,Weinan,CN,34.5036,109.5089,64.33,23,0,8.68,clear sky
196,Cochrane,CA,51.1834,-114.4687,52.39,56,0,8.05,clear sky
197,Caravelas,BR,-17.7125,-39.2481,84.11,63,68,6.73,broken clouds
198,Pili,PH,13.5833,123.3,77.47,89,92,3.0,overcast clouds
199,Te Anau,NZ,-45.4167,167.7167,53.71,95,92,5.64,overcast clouds
200,Bengkulu,ID,-3.8004,102.2655,78.31,88,100,3.06,overcast clouds
201,Los Llanos De Aridane,ES,28.6585,-17.9182,69.55,77,75,5.01,broken clouds
202,Palmer,US,42.1584,-72.3287,77.25,83,100,0.0,overcast clouds
203,Mananjary,MG,-21.2167,48.3333,71.65,87,94,7.52,moderate rain
204,Kisangani,CD,0.5167,25.2,74.79,95,98,0.58,heavy intensity rain
205,Ancud,CL,-41.8697,-73.8203,47.64,69,3,11.27,clear sky
206,Lebedinyy,RU,58.5167,125.5167,27.68,98,100,2.95,light snow
207,Hithadhoo,MV,-0.6,73.0833,83.91,75,82,14.36,broken clouds
208,Nokaneng,BW,-19.6667,22.2667,81.12,22,43,12.93,scattered clouds
209,Tuatapere,NZ,-46.1333,167.6833,53.38,94,96,2.06,overcast clouds
210,Gold Coast,AU,-28.0,153.4333,72.25,98,100,3.44,overcast clouds
211,Cozumel,MX,20.5083,-86.9458,79.95,83,0,7.0,clear sky
212,Yulara,AU,-25.2406,130.9889,63.84,39,69,9.51,broken clouds
213,Dargaville,NZ,-35.9333,173.8833,63.41,94,87,8.23,overcast clouds
214,Kibaya,TZ,-5.3,36.5667,69.24,61,82,7.4,broken clouds
215,Ribeira Grande,PT,38.5167,-28.7,63.0,63,40,21.85,scattered clouds
216,Tuljapur,IN,18.0,76.0833,96.67,23,65,11.43,broken clouds
217,Oxapampa,PE,-10.5775,-75.4017,66.7,74,90,3.13,overcast clouds
218,Mount Isa,AU,-20.7333,139.5,67.77,60,0,9.22,light rain
219,Margate,GB,51.3813,1.3862,70.88,71,12,18.28,few clouds
220,Srednekolymsk,RU,67.45,153.6833,31.48,99,99,4.88,overcast clouds
221,Mala,PE,-12.6581,-76.6308,68.02,72,58,3.4,broken clouds
222,Grindavik,IS,63.8424,-22.4338,57.15,71,75,5.75,broken clouds
223,Vadlapudi,IN,14.3167,79.8,86.14,71,97,9.46,moderate rain
224,Antalaha,MG,-14.9003,50.2788,77.65,72,14,12.88,few clouds
225,Constitucion,CL,-35.3333,-72.4167,58.17,55,5,2.68,clear sky
226,Comodoro Rivadavia,AR,-45.8667,-67.5,44.46,61,0,4.61,clear sky
227,Aklavik,CA,68.2191,-135.0107,30.49,92,100,13.22,light snow
228,Brae,GB,60.3964,-1.353,50.54,63,10,20.67,clear sky
229,Carnarvon,AU,-24.8667,113.6333,71.98,49,0,11.03,clear sky
230,Brufut,GM,13.3814,-16.7518,89.69,48,0,8.05,clear sky
231,Fortuna,US,40.5982,-124.1573,53.94,94,100,4.0,overcast clouds
232,Artigas,UY,-30.4,-56.4667,52.57,62,5,14.79,clear sky
233,Anshun,CN,26.25,105.9333,56.14,80,100,4.76,overcast clouds
234,Cairns,AU,-16.9167,145.7667,72.07,100,10,0.0,clear sky
235,Cam Ranh,VN,11.9214,109.1591,76.96,94,75,9.22,thunderstorm with light rain
236,Touros,BR,-5.1989,-35.4608,84.42,72,91,13.47,overcast clouds
237,Mahibadhoo,MV,3.7833,72.9667,83.26,81,100,20.62,overcast clouds
238,Debno,PL,52.739,14.698,70.84,42,94,5.79,overcast clouds
239,Arraial Do Cabo,BR,-22.9661,-42.0278,76.96,73,40,10.36,scattered clouds
240,Cayenne,GF,4.9333,-52.3333,83.08,1,100,4.61,light rain
241,Port Augusta,AU,-32.5,137.7667,55.56,63,0,5.08,clear sky
242,Ereymentau,KZ,51.6199,73.1033,71.1,38,63,13.62,broken clouds
243,San Isidro,PE,-12.1167,-77.05,71.02,73,89,8.05,overcast clouds
244,Kahului,US,20.8947,-156.47,73.85,72,0,4.61,clear sky
245,Pangai,TO,-19.8,-174.35,75.09,69,99,16.15,overcast clouds
246,Dryden,CA,49.7833,-92.7503,37.69,93,100,8.05,mist
247,Basoko,CD,1.2391,23.616,81.28,71,100,4.83,overcast clouds
248,Sebinkarahisar,TR,40.2883,38.4236,57.94,49,19,6.73,few clouds
249,Clyde River,CA,70.4692,-68.5914,21.43,86,75,3.44,broken clouds
250,San Antonio,US,29.4241,-98.4936,76.98,85,20,9.22,few clouds
251,Mandalgovi,MN,45.7625,106.2708,59.07,17,3,8.72,clear sky
252,Baft,IR,29.234,56.6057,80.28,6,0,13.67,clear sky
253,Baykit,RU,61.67,96.37,56.08,78,93,3.31,overcast clouds
254,Bubaque,GW,11.2833,-15.8333,79.65,81,32,7.61,scattered clouds
255,Pitimbu,BR,-7.4706,-34.8086,84.79,75,33,11.25,scattered clouds
256,Nueve De Julio,AR,-35.4444,-60.8831,54.39,65,87,17.2,overcast clouds
257,Kendari,ID,-3.945,122.4989,77.92,91,100,2.57,overcast clouds
258,Mehamn,NO,71.0357,27.8492,35.51,75,100,21.16,overcast clouds
259,Hasaki,JP,35.7333,140.8333,57.6,92,100,20.07,moderate rain
260,Nipawin,CA,53.3668,-104.0009,37.44,93,0,9.22,clear sky
261,Petatlan,MX,17.5167,-101.2667,69.6,33,30,3.31,scattered clouds
262,Nantucket,US,41.2835,-70.0995,56.14,95,100,9.22,fog
263,Araguacu,BR,-12.9306,-49.8264,89.89,45,23,3.42,few clouds
264,Talnakh,RU,69.4865,88.3972,41.29,87,100,7.83,overcast clouds
265,Svetlyy,RU,54.675,20.1347,59.05,63,96,11.88,overcast clouds
266,Havelock,US,34.8791,-76.9013,78.75,85,40,16.11,scattered clouds
267,Itanhem,BR,-17.1664,-40.33,84.54,55,78,5.32,broken clouds
268,Kamenka,RU,51.3223,42.7678,54.68,66,51,15.3,light rain
269,Hovd,MN,48.0056,91.6419,60.87,33,100,9.62,overcast clouds
270,Namibe,AO,-15.1961,12.1522,75.83,64,0,13.8,clear sky
271,Dubbo,AU,-32.25,148.6167,48.33,93,10,3.44,clear sky
272,Naze,JP,28.3667,129.4833,59.92,90,100,10.71,light rain
273,Abu Samrah,SY,35.3029,37.1841,78.78,34,100,13.78,overcast clouds
274,Priekule,LV,56.4468,21.5897,51.12,40,3,13.85,clear sky
275,Saldanha,ZA,-33.0117,17.9442,91.45,29,8,15.26,clear sky
276,Walvis Bay,NA,-22.9575,14.5053,79.75,36,0,6.91,clear sky
277,Hamilton,US,39.1834,-84.5333,63.07,87,100,13.8,overcast clouds
278,Arlit,NE,18.7369,7.3853,104.04,6,4,7.72,clear sky
279,Sri Aman,MY,1.2376,111.4621,78.85,94,100,0.0,light rain
280,Khatanga,RU,71.9667,102.5,29.66,91,97,10.31,overcast clouds
281,Port Hueneme,US,34.1478,-119.1951,58.95,90,100,3.44,haze
282,Atambua,ID,-9.1061,124.8925,72.82,86,5,3.8,clear sky
283,Sinnamary,GF,5.3833,-52.95,82.2,81,100,9.6,overcast clouds
284,Castrillon,ES,43.3979,-6.7922,75.87,43,81,2.33,broken clouds
285,Babu,CN,24.4167,111.5167,61.3,91,10,2.73,clear sky
286,Berbera,SO,10.4396,45.0143,91.15,49,0,6.4,clear sky
287,Poronaysk,RU,49.2167,143.1167,41.72,75,97,9.89,overcast clouds
288,Launceston,AU,-41.45,147.1667,47.8,79,75,14.97,broken clouds
289,Kavieng,PG,-2.5744,150.7967,81.68,75,45,8.12,scattered clouds
290,Evensk,RU,61.95,159.2333,36.3,90,100,5.57,overcast clouds
291,Ashland,US,40.8167,-82.2665,56.16,97,100,10.22,light rain
292,Vanimo,PG,-2.6741,141.3028,80.11,84,62,4.14,broken clouds
293,Camacha,PT,33.0833,-16.3333,69.22,68,20,6.91,few clouds
294,Radhanpur,IN,23.8333,71.6,94.59,30,0,14.92,clear sky
295,Zyryanka,RU,65.75,150.85,35.82,91,3,10.56,clear sky
296,Shelburne,CA,44.0787,-80.2041,51.24,81,100,8.48,overcast clouds
297,Calama,CL,-22.4667,-68.9333,50.49,18,0,17.27,clear sky
298,Cidreira,BR,-30.1811,-50.2056,55.69,60,0,17.11,clear sky
299,Comonfort,MX,20.7167,-100.7667,65.21,37,13,4.34,few clouds
300,Jinja,UG,0.439,33.2032,76.84,60,18,8.05,few clouds
301,Kieta,PG,-6.2167,155.6333,78.37,83,12,3.09,light rain
302,Ambulu,ID,-8.345,113.6058,77.59,86,45,2.24,scattered clouds
303,Adrar,MR,20.5022,-10.0711,106.66,6,11,18.32,few clouds
304,Del Rio,US,29.3627,-100.8968,75.31,66,0,8.05,clear sky
305,Poum,NC,-20.2333,164.0167,76.44,78,30,18.54,scattered clouds
306,Sao Gabriel Da Cachoeira,BR,-0.1303,-67.0892,76.8,94,75,3.44,broken clouds
307,Vila,PT,42.0304,-8.1588,59.88,84,100,7.61,overcast clouds
308,Tilichiki,RU,60.4667,166.1,32.94,98,100,4.99,overcast clouds
309,Nishihara,JP,26.1842,127.7558,64.06,94,75,11.5,light rain
310,Geraldton,AU,-28.7667,114.6,55.81,88,0,5.75,clear sky
311,Trapani,IT,37.8333,12.6667,81.28,53,0,13.8,clear sky
312,Pangnirtung,CA,66.1451,-65.7125,19.4,86,20,3.44,few clouds
313,Kinsale,IE,51.7075,-8.5306,64.24,77,75,18.41,broken clouds
314,Navrongo,GH,10.8956,-1.0921,102.36,26,52,5.59,broken clouds
315,Emerald,AU,-23.5333,148.1667,73.35,77,95,10.71,overcast clouds
316,Sao Joao Da Barra,BR,-21.6403,-41.0511,80.69,64,100,6.87,overcast clouds
317,Hollister,US,36.8525,-121.4016,55.4,87,100,0.0,overcast clouds
318,Setermoen,NO,68.861,18.3486,38.43,76,100,1.99,overcast clouds
319,Impfondo,CG,1.6381,18.0667,86.79,56,99,1.28,overcast clouds
320,Oranjestad,AW,12.524,-70.027,84.15,74,75,26.46,broken clouds
321,Ginda,IN,30.6945,78.4932,73.11,28,100,6.76,overcast clouds
322,Cockburn Town,TC,21.4612,-71.1419,79.29,84,62,18.25,broken clouds
323,Chara,RU,56.9064,118.2631,34.93,86,100,4.18,overcast clouds
324,Klaksvik,FO,62.2266,-6.589,52.72,91,57,22.84,broken clouds
325,Mikhaylovka,RU,50.06,43.2379,58.69,57,26,15.59,light rain
326,Jacareacanga,BR,-6.2222,-57.7528,85.21,69,100,2.04,overcast clouds
327,Niquelandia,BR,-14.4739,-48.4597,90.39,37,1,2.53,clear sky
328,Gravdal,NO,68.1214,13.5031,39.09,60,75,12.66,broken clouds
329,Morgan City,US,29.6994,-91.2068,78.03,80,66,8.28,broken clouds
330,Leningradskiy,RU,69.3833,178.4167,12.04,95,40,6.85,scattered clouds
331,Dunmore Town,BS,25.5,-76.65,78.08,78,100,7.4,overcast clouds
332,Todos Santos,MX,23.45,-110.2167,71.26,57,98,3.76,overcast clouds
333,Kjollefjord,NO,70.9457,27.3465,37.45,74,100,20.58,overcast clouds
334,Ahipara,NZ,-35.1667,173.1667,63.68,94,51,6.82,broken clouds
335,Pacific Grove,US,36.6177,-121.9166,55.51,91,100,10.0,overcast clouds
336,Sioux Lookout,CA,50.1001,-91.917,37.47,93,75,11.5,light intensity drizzle
337,Nelson Bay,AU,-32.7167,152.15,64.0,92,0,14.32,clear sky
338,Ulaanbaatar,MN,47.9077,106.8832,62.73,19,40,13.42,scattered clouds
339,Mahebourg,MU,-20.4081,57.7,77.29,73,75,12.66,broken clouds
340,Strabychovo,UA,48.3925,22.5431,75.94,47,54,8.19,broken clouds
341,Cabo San Lucas,MX,22.8909,-109.9124,77.5,48,95,11.05,overcast clouds
342,Pasni,PK,25.2631,63.471,85.39,64,0,20.89,clear sky
343,Chivasso,IT,45.1894,7.8872,84.31,46,20,2.3,few clouds
344,Santa Isabel Do Rio Negro,BR,-0.4139,-65.0192,80.82,75,100,4.03,overcast clouds
345,Hofn,IS,64.2539,-15.2082,55.42,67,75,8.05,broken clouds
346,Cabedelo,BR,-6.9811,-34.8339,84.87,78,35,12.35,scattered clouds
347,Brigantine,US,39.4101,-74.3646,76.03,86,20,5.75,few clouds
348,Nome,US,64.5011,-165.4064,35.67,75,0,6.91,clear sky
349,Severo-Kurilsk,RU,50.6789,156.125,35.28,97,97,11.12,overcast clouds
350,Haines Junction,CA,60.7522,-137.5108,33.75,86,100,1.14,overcast clouds
351,Beloha,MG,-25.1667,45.05,72.54,67,63,16.26,broken clouds
352,Wasilla,US,61.5814,-149.4394,42.3,76,0,3.44,clear sky
353,Ngunguru,NZ,-35.6167,174.5,61.88,92,33,7.18,scattered clouds
354,Tiksi,RU,71.6872,128.8694,19.76,95,100,14.05,light snow
355,Muriwai Beach,NZ,-36.8167,174.45,65.35,94,95,9.28,overcast clouds
356,Gandajika,CD,-6.75,23.95,88.3,34,21,3.94,few clouds
357,Calbuco,CL,-41.768,-73.1273,34.81,61,85,8.52,overcast clouds
358,Lyubech,UA,51.7026,30.6569,58.51,43,48,14.32,scattered clouds
359,Kota Tinggi,MY,1.7381,103.8999,80.55,96,100,3.89,moderate rain
360,Belyy Yar,RU,53.6039,91.3903,69.69,49,0,8.95,light rain
361,Salinopolis,BR,-0.6136,-47.3561,83.39,78,66,11.56,broken clouds
362,Perdoes,BR,-21.0908,-45.0914,69.42,77,76,9.37,broken clouds
363,Mramor,BA,44.5917,18.5644,83.89,28,20,2.3,few clouds
364,Gamba,GA,-2.65,10.0,84.2,71,100,8.55,overcast clouds
365,Benavente,ES,42.0025,-5.6783,73.4,39,52,18.1,broken clouds
366,Lata,PT,40.1629,-8.3327,78.49,49,71,9.64,broken clouds
367,Fairbanks,US,64.8378,-147.7164,35.6,92,75,3.44,broken clouds
368,Wageningen,NL,51.9667,5.6667,72.9,75,100,11.5,light rain
369,Wawa,NG,9.9022,4.4192,98.69,31,47,3.67,scattered clouds
370,Pombas,CV,17.1503,-25.0201,83.98,67,100,11.61,overcast clouds
371,Tourlaville,FR,49.6383,-1.5664,63.82,77,75,23.02,light rain
372,Pangkalanbuun,ID,-2.6833,111.6167,77.79,89,44,2.21,scattered clouds
373,Necochea,AR,-38.5473,-58.7368,53.67,71,84,25.84,broken clouds
374,Maniitsoq,GL,65.4167,-52.9,31.33,57,0,4.92,clear sky
375,Winnemucca,US,40.973,-117.7357,51.85,54,0,0.0,clear sky
376,Mangrol,IN,21.1167,70.1167,84.76,70,2,13.8,clear sky
377,Vanavara,RU,60.34,102.2797,60.51,38,100,2.21,overcast clouds
378,Half Moon Bay,US,37.4636,-122.4286,56.1,88,100,12.66,overcast clouds
379,Vestmannaeyjar,IS,63.4427,-20.2734,50.99,81,20,28.77,few clouds
380,Guerrero Negro,MX,27.9769,-114.0611,60.4,83,100,16.2,overcast clouds
381,Saskylakh,RU,71.9167,114.0833,31.28,98,100,6.53,overcast clouds
382,Gerash,IR,27.6652,54.1371,98.74,4,0,9.15,clear sky
383,Tessalit,ML,20.1986,1.0114,105.3,9,16,10.83,few clouds
384,Sao Jose Da Coroa Grande,BR,-8.8978,-35.1478,83.32,74,54,8.81,broken clouds
385,Salmas,IR,38.1973,44.7653,66.52,40,49,10.49,scattered clouds
386,Chiang Rai,TH,19.9167,99.9167,81.12,81,40,4.61,scattered clouds
387,Kununurra,AU,-15.7667,128.7333,73.38,73,0,0.0,clear sky
388,Flinders,AU,-34.5833,150.8552,62.19,67,21,5.01,few clouds
389,Acarau,BR,-2.8856,-40.12,83.61,73,89,14.65,overcast clouds
390,Lufkin,US,31.3382,-94.7291,74.48,80,0,11.5,clear sky
391,Ixtapa,MX,20.7,-105.2,75.22,88,75,4.61,broken clouds
392,Monroe,US,43.1501,-77.6831,70.29,76,75,3.44,broken clouds
393,Lasa,IT,46.6166,10.7002,59.88,72,100,1.01,overcast clouds
394,Oktyabrskoye,RU,43.0645,44.7417,59.14,63,100,11.18,overcast clouds
395,Dharchula,IN,29.85,80.5333,73.98,50,100,8.55,overcast clouds
396,Omvriaki,GR,39.1,22.2667,78.24,42,50,3.89,light rain
397,Skegness,GB,53.1436,0.3363,70.02,80,82,12.8,broken clouds
398,Taltal,CL,-25.4,-70.4833,62.73,70,100,6.42,overcast clouds
399,Lagos,NG,6.5833,3.75,87.73,66,100,8.55,light rain
400,Laguna,US,38.421,-121.4238,56.44,85,0,5.75,clear sky
401,Cestas,FR,44.7435,-0.6791,83.01,47,0,8.05,clear sky
402,Kabare,CD,-2.4683,28.8242,69.4,88,53,3.94,moderate rain
403,Moerai,PF,-22.4333,-151.3333,76.91,76,100,7.92,moderate rain
404,Rawson,AR,-43.3002,-65.1023,49.98,66,28,3.24,scattered clouds
405,Hanyang,CN,32.1371,105.5126,59.68,56,0,3.98,clear sky
406,Kumla,SE,59.1277,15.1434,64.0,27,0,6.91,clear sky
407,Oum Hadjer,TD,13.2954,19.6966,97.23,24,53,8.37,broken clouds
408,Tocopilla,CL,-22.092,-70.1979,67.86,60,8,6.6,clear sky
409,Kingston,JM,17.997,-76.7936,84.24,69,40,17.27,scattered clouds
410,San Blas,MX,21.5167,-105.2667,64.29,49,55,1.5,broken clouds
411,San Vicente,AR,-26.6167,-54.1333,53.55,48,1,4.85,clear sky
412,Carutapera,BR,-1.195,-46.02,86.56,66,94,9.57,overcast clouds
413,Partizanskoye,RU,55.5006,94.39,60.15,67,25,6.91,scattered clouds
414,Berlevag,NO,70.8578,29.0864,35.55,87,75,24.16,broken clouds
415,Marawi,PH,7.9986,124.2928,70.77,92,74,2.82,broken clouds
416,Porto Santo,PT,33.072,-16.3415,71.98,68,20,6.91,few clouds
417,Chicama,PE,-7.8447,-79.1469,61.34,70,83,4.79,broken clouds
418,Hambantota,LK,6.1241,81.1185,80.94,89,40,10.36,scattered clouds
419,Teguldet,RU,57.3064,88.1667,62.42,49,59,1.23,broken clouds
420,Aswan,EG,24.0934,32.907,106.9,10,96,16.11,overcast clouds
421,Termini Imerese,IT,37.9837,13.6956,80.26,50,4,6.82,clear sky
422,Uyuni,BO,-20.4597,-66.825,45.05,32,1,15.86,clear sky
423,Chama,CH,47.1821,8.4636,79.16,48,40,11.5,scattered clouds
424,La Asuncion,VE,11.0333,-63.8628,76.73,100,100,16.11,overcast clouds
425,Samarai,PG,-10.6167,150.6667,79.54,77,35,3.22,scattered clouds
426,Svetlogorsk,BY,52.6333,29.7333,56.52,51,99,15.1,overcast clouds
427,Luena,AO,-11.7833,19.9167,77.32,29,10,4.0,clear sky
428,Malanje,AO,-9.5402,16.341,84.58,79,75,6.91,broken clouds
429,Takoradi,GH,4.8845,-1.7554,84.81,69,81,8.7,light rain
430,Kargopol,RU,61.5071,38.9456,57.81,64,100,5.46,light rain
431,Vincennes,FR,48.85,2.4333,77.04,53,0,8.05,clear sky
432,Aykhal,RU,66.0,111.5,34.39,99,100,3.85,overcast clouds
433,Darhan,MN,49.4867,105.9228,61.12,37,68,1.45,broken clouds
434,Channel-Port Aux Basques,CA,47.5702,-59.1367,43.63,85,100,17.96,overcast clouds
435,Merauke,ID,-8.4667,140.3333,78.58,71,100,8.3,overcast clouds
436,Puerto Del Rosario,ES,28.5004,-13.8627,73.15,68,20,12.66,few clouds
437,Old Orchard Beach,US,43.5173,-70.3775,63.54,90,100,3.44,mist
438,Ilulissat,GL,69.2167,-51.1,30.22,43,0,2.3,clear sky
439,La Ronge,CA,55.1001,-105.2842,34.05,86,100,3.44,light intensity drizzle
440,Santa Fe,AR,-31.6333,-60.7,53.01,74,1,8.01,light rain
441,Yarada,IN,17.65,83.2667,88.12,79,20,5.75,few clouds
442,Charagua,BO,-19.8,-63.2167,56.77,63,95,10.49,overcast clouds
443,San Juan,AR,-31.5375,-68.5364,51.66,37,6,3.65,clear sky
444,Abu Dhabi,AE,24.4667,54.3667,93.31,38,0,14.97,clear sky
445,Nocupetaro,MX,19.05,-101.15,79.68,33,44,1.03,scattered clouds
446,Oriximina,BR,-1.7656,-55.8661,84.36,69,100,5.57,overcast clouds
447,Leh,IN,34.1667,77.5833,51.33,33,46,5.86,scattered clouds
448,Kenora,CA,49.8167,-94.4337,40.17,81,100,9.22,overcast clouds
449,Richards Bay,ZA,-28.783,32.0377,72.54,69,0,7.99,clear sky
450,Keti Bandar,PK,24.1447,67.4497,85.86,63,0,23.78,clear sky
451,Alta Floresta,BR,-9.8756,-56.0861,87.62,70,0,2.3,clear sky
452,Nuevitas,CU,21.5453,-77.2644,80.96,70,89,6.13,overcast clouds
453,Bilma,NE,18.6853,12.9164,96.01,6,0,8.1,clear sky
454,Jiuquan,CN,39.7432,98.5174,61.0,7,94,7.45,overcast clouds
455,Gayny,RU,60.3071,54.3241,56.88,60,100,2.84,overcast clouds
456,Vavuniya,LK,8.7514,80.4971,79.23,83,100,8.9,overcast clouds
457,Zhangye,CN,38.9342,100.4517,60.04,9,14,1.77,few clouds
458,Cumana,VE,10.4635,-64.1775,75.83,91,100,11.74,overcast clouds
459,Wajir,KE,1.7471,40.0573,85.3,51,100,14.16,overcast clouds
460,Sunrise Manor,US,36.2111,-115.0731,80.06,18,0,6.91,clear sky
461,Ballina,AU,-28.8667,153.5667,70.79,95,54,6.85,broken clouds
462,Alexandria,EG,31.2156,29.9553,75.74,46,0,10.36,clear sky
463,Wyndham,US,37.6985,-77.6125,73.81,82,20,10.0,few clouds
464,Khani,GE,41.9563,42.9566,51.37,81,97,3.67,overcast clouds
465,Beshpagir,RU,45.0217,42.3808,63.82,67,51,15.35,broken clouds
466,Swan River,CA,52.1058,-101.2676,39.09,81,100,1.14,overcast clouds
467,Noisy-Le-Sec,FR,48.8915,2.4645,76.98,53,0,8.05,clear sky
468,Paamiut,GL,61.994,-49.6678,33.75,72,9,14.58,clear sky
469,Goderich,CA,43.7501,-81.7165,52.12,93,100,6.91,light rain
470,Southbridge,US,42.0751,-72.0334,77.97,73,11,1.99,few clouds
471,Salto De Agua,MX,17.6167,-92.3667,75.96,64,5,0.45,clear sky
472,Oranjemund,NA,-28.55,16.4333,86.47,25,0,4.72,clear sky
473,Indiana,US,40.0003,-86.2503,63.72,77,0,11.99,clear sky
474,Muisne,EC,0.6,-80.0333,76.8,91,100,10.83,moderate rain
475,Behbahan,IR,30.5959,50.2417,104.43,8,0,21.77,clear sky
476,Alice Springs,AU,-23.7,133.8833,56.75,58,0,0.0,clear sky
477,Broken Hill,AU,-31.95,141.4333,54.54,61,0,7.74,clear sky
478,Salalah,OM,17.0151,54.0924,87.89,74,20,11.5,few clouds
479,Yelizovo,RU,53.1873,158.3805,33.94,100,100,4.47,overcast clouds
480,Inhambane,MZ,-23.865,35.3833,75.18,83,40,9.22,drizzle
481,Khandbari,NP,27.3747,87.2039,71.67,88,82,3.42,broken clouds
482,Rio Gallegos,AR,-51.6226,-69.2181,32.05,86,0,9.22,clear sky
483,Labuhan,ID,-6.8844,112.2051,82.42,77,100,2.71,overcast clouds
484,Milford,US,41.2223,-73.0565,75.9,82,0,6.91,clear sky
485,Katangli,RU,51.7102,143.2326,31.75,98,98,5.32,overcast clouds
486,Solnechnyy,RU,50.7214,136.6319,38.39,74,45,5.19,scattered clouds
487,Bosaso,SO,11.2842,49.1816,91.11,39,97,2.51,overcast clouds
488,Lovozero,RU,68.005,35.0117,40.08,72,100,11.48,overcast clouds
489,Beringovskiy,RU,63.05,179.3167,33.26,83,3,6.78,clear sky
490,Saint-Pierre,RE,-21.3393,55.4781,74.88,78,75,21.85,broken clouds
491,Ler,SS,8.3018,30.1418,88.81,47,100,5.84,light rain
492,Tromso,NO,69.6496,18.957,38.37,70,75,11.5,broken clouds
493,Port Hardy,CA,50.6996,-127.4199,44.6,93,40,3.44,scattered clouds
494,Sampit,ID,-2.5333,112.95,76.03,96,50,2.53,scattered clouds
495,Kumher,IN,27.3167,77.3667,102.85,8,26,11.95,scattered clouds
496,Nieuw Amsterdam,SR,5.8833,-55.0833,86.02,81,40,6.91,scattered clouds
497,Sambava,MG,-14.2667,50.1667,78.37,74,4,17.52,clear sky
498,Altamont,US,42.2068,-121.7372,42.78,86,0,0.0,clear sky
499,High Level,CA,58.5169,-117.136,42.91,70,75,10.36,broken clouds
500,Egvekinot,RU,66.3167,-179.1667,20.82,91,35,2.57,scattered clouds
501,Kavaratti,IN,10.5669,72.642,79.95,82,100,22.57,moderate rain
502,Flin Flon,CA,54.7682,-101.865,33.64,86,100,5.75,overcast clouds
503,Kemi,FI,65.8596,24.8228,44.37,65,100,19.57,overcast clouds
504,Vilhena,BR,-12.7406,-60.1458,71.82,83,75,16.11,broken clouds
505,Brenham,US,30.1669,-96.3977,77.65,79,31,9.55,scattered clouds
506,San Quintin,MX,30.4833,-115.95,58.71,84,88,12.17,overcast clouds
507,Belaya Gora,RU,68.5333,146.4167,19.69,99,91,2.46,overcast clouds
508,Boa Vista,BR,2.8197,-60.6733,78.78,83,75,8.05,broken clouds
509,Martapura,ID,-3.4167,114.85,77.09,100,40,3.44,scattered clouds
510,Paramonga,PE,-10.6667,-77.8333,66.61,77,75,7.45,broken clouds
511,Rehoboth,NA,-23.3167,17.0833,79.03,14,1,13.42,clear sky
512,Remscheid,DE,51.1833,7.2,76.86,67,99,13.13,heavy intensity rain
513,Kitimat,CA,54.0524,-128.6534,44.91,52,96,1.99,overcast clouds
514,Severnoye,RU,56.3491,78.3619,64.09,64,100,8.48,overcast clouds
515,Hammerfest,NO,70.6634,23.6821,37.85,81,75,8.05,broken clouds
516,Teavaro,PF,-17.5,-149.7667,78.28,73,75,5.75,moderate rain
517,Paita,PE,-5.0892,-81.1144,68.61,76,70,9.26,broken clouds
518,Mao,ES,39.8885,4.2658,73.96,73,20,6.91,few clouds
519,Mahon,ES,39.8885,4.2658,73.96,73,20,6.91,few clouds
520,Ilhabela,BR,-23.7781,-45.3581,72.48,78,45,8.84,scattered clouds
521,Lorengau,PG,-2.0226,147.2712,80.6,72,95,4.85,overcast clouds
522,Bowen,AU,-20.0167,148.2333,73.83,80,9,2.53,clear sky
523,Houston,US,29.7633,-95.3633,80.33,78,0,6.91,clear sky
524,Tezu,IN,27.9167,96.1667,69.75,98,100,4.97,overcast clouds
525,Madang,PG,-5.2246,145.7966,77.29,82,59,1.83,broken clouds
526,Clermont,FR,49.5,2.4167,77.72,59,81,6.6,broken clouds
527,Hue,VN,16.4667,107.6,73.51,94,75,9.22,mist
528,Ilebo,CD,-4.3167,20.5833,93.58,34,66,3.02,broken clouds
529,San Jose De Guanipa,VE,8.8872,-64.1651,78.48,77,100,8.72,overcast clouds
530,Razole,IN,16.4833,81.8333,84.34,78,15,5.73,few clouds
531,Vitrolles,FR,43.46,5.2486,79.16,29,0,12.66,clear sky
532,Mentakab,MY,3.4865,102.3516,73.13,96,100,2.53,overcast clouds
533,Kanigoro,ID,-8.13,112.219,74.66,90,46,2.68,light rain
534,Saint Andrews,US,34.0454,-81.1293,77.13,74,40,6.91,scattered clouds
535,Gazanjyk,TM,39.2446,55.5154,91.45,14,0,20.51,clear sky
536,Tres Picos,MX,15.8667,-93.5333,86.09,54,3,1.88,clear sky
537,Normandin,CA,48.8333,-72.5321,55.71,100,100,4.61,overcast clouds
538,Teguise,ES,29.0605,-13.564,66.42,83,20,18.41,few clouds
539,Seymchan,RU,62.8833,152.4333,34.77,83,9,4.41,clear sky
540,Garissa,KE,-0.4536,39.6401,90.03,38,71,22.3,broken clouds
541,Duliagaon,IN,27.3667,95.3167,75.07,98,100,5.14,overcast clouds
542,Shubarshi,KZ,48.5872,57.1869,64.6,52,80,8.79,broken clouds
543,Tual,ID,-5.6667,132.75,83.97,72,14,9.44,few clouds
544,Harper,LR,4.375,-7.7169,82.47,81,100,8.97,light rain
545,Atasu,KZ,48.6814,71.6433,72.77,34,19,8.52,few clouds
546,Provost,CA,52.3501,-110.2683,50.45,79,100,13.94,overcast clouds
547,Dukat,RU,62.55,155.55,26.31,99,100,4.92,overcast clouds
548,Dingle,PH,10.9995,122.6711,79.39,84,69,1.5,broken clouds
549,Jensen Beach,US,27.2545,-80.2298,81.01,75,0,8.05,clear sky
550,Banda Aceh,ID,5.5577,95.3222,81.82,77,100,5.5,overcast clouds
551,Prince Rupert,CA,54.3161,-130.3201,44.29,86,75,21.85,broken clouds
552,Beinamar,TD,8.6698,15.3813,94.75,35,100,6.96,overcast clouds
553,Costa Rica,BR,-23.4167,-54.65,57.42,77,95,10.22,overcast clouds
554,Klyuchi,RU,52.2667,79.1667,71.73,42,100,5.19,overcast clouds
555,Tateyama,JP,34.9833,139.8667,61.11,90,100,16.35,light rain
556,Karratha,AU,-20.7377,116.8463,74.32,74,100,9.35,light rain
557,Ketchikan,US,55.3422,-131.6461,43.27,81,100,6.91,overcast clouds
558,Flagstaff,US,35.1981,-111.6513,56.86,30,0,0.0,clear sky
559,Mayya,RU,61.7333,130.2811,43.92,93,98,1.66,overcast clouds
560,Kihei,US,20.785,-156.4656,73.85,80,0,4.61,clear sky
561,Novokruchininskiy,RU,51.7833,113.7667,51.53,41,58,4.65,broken clouds
562,Porto Walter,BR,-8.2686,-72.7439,76.69,91,99,1.66,overcast clouds
563,Jackson,US,42.4165,-122.8345,50.04,78,75,0.0,broken clouds
564,Bairnsdale,AU,-37.8333,147.6167,51.06,92,8,5.7,clear sky
565,Tucumcari,US,35.1717,-103.725,66.94,59,0,5.75,clear sky
566,Christchurch,NZ,-43.5333,172.6333,53.8,95,100,6.91,fog
567,Rabo De Peixe,PT,37.8,-25.5833,64.27,85,20,19.57,few clouds
568,Jumla,NP,29.2747,82.1838,61.29,48,65,4.92,broken clouds
569,Ribeira Brava,PT,32.65,-17.0667,80.71,64,0,7.74,clear sky
570,Mendoza,AR,-32.8908,-68.8272,49.59,42,5,4.72,clear sky
571,Lautaro,CL,-38.5167,-72.45,35.58,52,2,4.0,clear sky
572,Taoudenni,ML,22.6783,-3.9836,108.52,5,0,16.44,clear sky
573,Phirangipuram,IN,16.3,80.2667,87.67,66,55,13.8,broken clouds
574,Natori,JP,38.1691,140.8823,53.67,92,100,2.73,overcast clouds
575,Serebryansk,KZ,49.6925,83.2892,61.18,62,20,4.41,few clouds
576,Alyangula,AU,-13.8483,136.4192,75.56,69,0,6.49,clear sky
577,Yerbogachen,RU,61.2767,108.0108,50.7,73,5,6.08,clear sky
578,Baoshan,CN,46.5586,131.4244,44.64,36,31,4.92,scattered clouds
579,Parrita,CR,9.5201,-84.3225,83.01,78,86,3.06,overcast clouds
580,Pangoa,PE,-12.1167,-73.0,68.41,99,100,1.41,overcast clouds
581,Viedma,AR,-40.8135,-62.9967,52.45,60,91,14.41,overcast clouds
582,Chincholi,IN,17.4667,77.4333,93.25,35,100,1.9,overcast clouds
583,Rio Cuarto,AR,-33.1307,-64.3499,51.33,57,0,11.5,clear sky
584,Maine-Soroa,NE,13.2114,12.0241,103.59,10,15,14.52,few clouds
585,Kaeo,NZ,-35.1,173.7833,63.32,94,41,6.2,scattered clouds
586,San Andres,CO,12.5847,-81.7006,78.82,100,75,11.5,broken clouds
587,Lompoc,US,34.6391,-120.4579,51.94,86,100,28.01,mist
588,Cowra,AU,-33.8333,148.6833,57.4,62,100,5.5,overcast clouds
589,Russell,US,32.3502,-85.1999,75.0,83,0,3.44,clear sky
590,Troitsko-Pechorsk,RU,62.7084,56.1964,52.57,73,91,8.34,overcast clouds
591,Cabo Rojo,PR,18.0866,-67.1457,87.73,68,35,5.01,scattered clouds
592,Yima,CN,34.7381,111.8839,64.53,25,0,5.93,clear sky
593,Inongo,CD,-1.95,18.2667,79.07,74,71,0.94,broken clouds
594,Nizwa,OM,22.9333,57.5333,98.71,8,0,6.24,clear sky
595,Baker City,US,44.7749,-117.8344,51.6,87,0,3.44,clear sky
596,Jacobina,BR,-11.1806,-40.5183,82.04,56,99,5.35,light rain
597,Palana,RU,59.1167,159.9667,33.08,86,100,6.89,overcast clouds
598,Rumonge,BI,-3.9736,29.4386,77.11,79,41,3.74,light rain
599,Zaozerne,UA,45.1582,33.2787,64.13,62,7,12.37,clear sky
600,Dali,CN,25.7,100.1833,55.83,95,100,2.73,overcast clouds
601,Jacksonville,US,30.3322,-81.6556,79.05,81,40,9.22,scattered clouds
602,Nouadhibou,MR,20.931,-17.0347,89.58,40,100,10.36,overcast clouds
603,Khash,IR,28.2211,61.2158,85.37,5,0,18.07,clear sky
604,Koslan,RU,63.4564,48.8989,50.54,50,31,11.27,scattered clouds
605,Riohacha,CO,11.5444,-72.9072,82.51,74,75,9.22,broken clouds
606,Bakchar,RU,57.0186,82.0711,63.41,67,100,12.06,light rain
607,Homestead,US,25.4687,-80.4776,78.03,85,0,1.99,clear sky
608,Komatipoort,ZA,-25.4332,31.9548,71.24,75,82,6.76,light rain
609,Yeniseysk,RU,58.4497,92.1703,60.49,51,7,4.52,clear sky
610,Korla,CN,41.7597,86.1469,77.04,25,100,12.37,overcast clouds
611,Tegal,ID,-6.8694,109.1402,81.68,80,23,2.8,few clouds
612,Jawhar,SO,2.7809,45.5005,88.3,46,2,20.98,clear sky
613,Kurchum,KZ,48.5722,83.6542,65.48,48,12,7.9,few clouds
614,Hearst,CA,49.6835,-83.6665,48.25,72,100,5.57,overcast clouds
615,Sistranda,NO,63.7256,8.834,44.56,59,61,14.47,broken clouds
616,El Alto,PE,-4.2714,-81.2147,65.86,70,89,8.9,overcast clouds
617,Novikovo,RU,51.1537,37.8879,58.46,50,77,14.16,broken clouds
618,Batetskiy,RU,58.6461,30.3027,49.44,69,100,10.49,overcast clouds
619,Shimoda,JP,34.6667,138.95,60.76,90,100,6.49,light rain
620,Kerema,PG,-7.9631,145.7785,78.12,86,22,4.41,few clouds
621,Embonas,GR,36.2269,27.8564,71.73,65,0,11.39,clear sky
622,Praia,CV,14.9215,-23.5087,90.14,31,0,24.16,clear sky
623,Durusu,TR,41.3053,28.6767,73.58,83,0,5.99,clear sky
624,Pontianak,ID,-0.0333,109.3333,78.78,88,40,0.0,scattered clouds
625,Tambopata,PE,-12.7333,-69.1833,71.49,73,100,6.91,overcast clouds
626,Madison,US,34.7334,-86.5667,73.09,78,75,6.91,broken clouds
627,Ziarat,PK,30.3823,67.7282,74.52,12,68,2.19,broken clouds
628,Kudahuvadhoo,MV,2.6708,72.8944,83.77,79,95,17.94,overcast clouds
629,Birjand,IR,32.8663,59.2211,88.27,5,0,13.8,clear sky
630,Ocos,GT,14.5094,-92.1933,82.6,69,64,7.29,broken clouds
631,Asheboro,US,35.7079,-79.8136,75.24,87,40,5.75,scattered clouds
632,Rivers,CA,50.0308,-100.2403,43.75,67,98,6.02,overcast clouds
633,Morococha,PE,-11.5997,-76.1411,40.84,61,100,5.84,overcast clouds
634,Birobidzhan,RU,48.8,132.95,42.37,42,100,5.73,overcast clouds
635,Harur,IN,12.0667,78.5,83.71,71,100,2.91,overcast clouds
636,Agadez,NE,19.75,10.25,94.62,6,0,14.34,clear sky
637,Savinka,RU,50.0785,47.0994,61.41,55,42,19.13,light rain
638,Kenai,US,60.5544,-151.2583,38.08,80,0,5.75,clear sky
639,Ko Samui,TH,9.5357,99.9357,85.91,79,20,4.61,few clouds
640,Andreapol,RU,56.6513,32.2664,44.29,86,100,8.99,overcast clouds
641,Noboribetsu,JP,42.4514,141.1731,46.47,82,10,5.37,light rain
642,Otradnoye,RU,59.7775,30.8181,51.04,84,100,7.74,overcast clouds
643,Vaitape,PF,-16.5167,-151.75,80.38,70,90,8.12,light rain
644,Atbasar,KZ,51.8,68.3333,73.85,31,23,18.32,few clouds
645,Mecca,SA,21.4267,39.8261,103.75,12,0,19.33,clear sky
646,Dagana,MR,16.5165,-15.5068,113.4,5,11,22.19,few clouds
647,Laguna De Perlas,NI,12.3429,-83.6712,75.29,82,93,10.94,light rain
648,Chlorakas,CY,34.8042,32.4083,76.55,69,20,12.66,few clouds
649,Ostrovnoy,RU,68.0531,39.5131,37.58,77,100,15.97,overcast clouds
650,Turayf,SA,31.6725,38.6637,84.45,18,0,6.91,clear sky
651,Puerto Rico,AR,-26.796,-55.024,56.79,46,0,5.08,clear sky
652,Traverse City,US,44.7631,-85.6206,63.73,55,20,0.0,few clouds
653,Mkushi,ZM,-13.6202,29.3939,70.68,48,8,9.46,clear sky
654,Clarence Town,AU,-32.5833,151.7833,62.85,81,0,5.86,clear sky
655,Pemangkat,ID,1.1667,108.9667,83.32,75,100,4.61,overcast clouds
656,Dillon,US,34.4166,-79.3712,77.25,62,6,11.81,clear sky
657,Xam Nua,LA,20.4197,104.0439,62.01,98,100,2.71,overcast clouds
658,Kawalu,ID,-7.3817,108.2082,74.86,97,83,1.66,broken clouds
659,Verkhnevilyuysk,RU,63.4453,120.3167,37.29,59,89,0.96,overcast clouds
660,Ures,MX,29.4333,-110.4,80.04,16,85,1.03,overcast clouds
661,Rincon,US,32.296,-81.2354,78.94,73,20,9.22,few clouds
662,Maldonado,UY,-34.6667,-54.9167,54.23,78,98,20.15,light rain
663,Pentecoste,BR,-3.7928,-39.2703,84.87,65,97,7.96,overcast clouds
664,Kamina,CD,-8.7386,24.9906,76.66,50,83,3.4,broken clouds
665,Wenling,CN,28.3669,121.36,59.18,75,20,2.19,few clouds
666,Mareeba,AU,-17.0,145.4333,68.43,85,2,1.79,clear sky
667,Dire,ML,12.2833,-10.9667,109.65,6,67,1.12,broken clouds
668,Tambovka,RU,50.0969,128.0489,50.29,36,76,14.43,broken clouds
669,Moroni,KM,-11.7022,43.2551,79.59,77,99,15.14,light rain
670,Pauini,BR,-7.7136,-66.9764,80.17,83,97,2.06,overcast clouds
671,Camabatela,AO,-8.1881,15.375,80.33,34,100,4.76,overcast clouds
672,Richmond,US,37.5538,-77.4603,73.99,83,75,10.36,broken clouds
673,Siocon,PH,7.7061,122.1353,79.61,87,93,2.91,overcast clouds
674,Turan,VN,16.0678,108.2208,78.78,69,40,5.75,scattered clouds
675,Benghazi,LY,32.1167,20.0667,74.82,39,0,8.7,clear sky
676,Canutama,BR,-6.5339,-64.3831,76.28,97,100,2.89,heavy intensity rain
677,Eyl,SO,7.9803,49.8164,86.22,64,73,27.47,broken clouds
678,Prince George,CA,53.9166,-122.753,47.62,93,20,2.3,few clouds
679,Itarsi,IN,22.6167,77.75,99.41,10,0,7.29,clear sky
